<?xml-model href="../../../schema/current/translation.rng" type="application/xml" schematypens="http://relaxng.org/ns/structure/1.0"?><TEI xmlns="http://www.tei-c.org/ns/1.0">
    <teiHeader>
        <fileDesc>
            <titleStmt>
                <title type="mainTitle" xml:lang="Bo-Ltn">rgyal ba’i blo gros kyis zhus pa’i mdo</title>
                <title type="mainTitle" xml:lang="bo">རྒྱལ་བའི་བློ་གྲོས་ཀྱིས་ཞུས་པའི་མདོ།</title>
                <title type="mainTitle" xml:lang="en">The Sūtra of the Inquiry of Jayamati</title>
                <title type="mainTitle" xml:lang="Sa-Ltn">Jaya­mati­paripṛcchā­sūtra</title>
                <title type="longTitle" xml:lang="bo">འཕགས་པ་རྒྱལ་བའི་བློ་གྲོས་ཀྱིས་ཞུས་པ་ཞེ་བྱ་བ་ཐེག་པ་ཆེན་པོའི་མདོ།</title>
                <title type="longTitle" xml:lang="Bo-Ltn">’phags pa rgyal ba’i blo gros kyis zhus pa zhes bya ba theg pa chen po’i
                    mdo </title>
                <title type="longTitle" xml:lang="en">The Noble Mahāyāna Sūtra “The Inquiry of Jayamati”</title>
                <title type="longTitle" xml:lang="Sa-Ltn">Ārya­jayamati­paripṛcchā­nāma­mahā­yāna­sūtra</title>
                <title type="otherTitle" xml:lang="zh"/>
                <author role="translatorMain" ref="contributors.xml#team-35">Translated by the University of Calgary Buddhist Studies team<lb/> under the
                    patronage and supervision of 84000: Translating the Words of the Buddha</author>
                <author role="translatorEng" ref="contributors.xml#person-207">James B. Apple</author>
                
            <editor role="TEImarkupEditor" ref="contributors.xml#person-306">Simeon Joffe</editor>
            </titleStmt>
            <editionStmt>
                <edition>v 1.12 <date>2016</date>
                </edition>
            </editionStmt>
            <publicationStmt status="1">
                <publisher>
                    <name>84000: Translating the Words of the Buddha</name> is a global non-profit initiative that aims to
                    translate all of the Buddha’s words into modern languages, and to make them available to everyone.</publisher>
                <availability>
                    <licence>
                        <graphic url="http://i.creativecommons.org/l/by-nc-nd/2.0/88x31.png"/>
                        <p>This work is provided under the protection of a Creative Commons CC BY-NC-ND (Attribution -
                            Non-commercial - No-derivatives) 3.0 copyright. It may be copied or printed for fair use, but only
                            with full attribution, and not for commercial advantage or personal compensation. For full details,
                            see the Creative Commons license.</p>
                    </licence>
                </availability>
                <idno xml:id="UT22084-061-014"/>
                <date>2016-05-30</date>
            </publicationStmt>
            <sourceDesc>
                <bibl key="toh194" type="text">
                    <ref>Toh 194</ref>
                    <biblScope> Degé Kangyur, vol. 61 (mdo sde, tsa), folios 250.b – 251.a</biblScope>
                    <author role="translatorTib">Unknown</author>
                    <location count-pages="2">
                        <start volume="61" page="502"/>
                        <end volume="61" page="503"/>
                    </location>
                <idno parent-id="O1JC114941JC14668"/>
                <idno source-id="O1JC114941JC11817" work="W22084"/>
                </bibl>
            
            </sourceDesc>
            <notesStmt>
                <note type="lastUpdated" date-time="2019-04-26T19:01:28.708Z" user="laura">26/04/2019 19:01:28</note>
            <note type="updated" update="text-version" value="v 1.12" date-time="2019-03-14T12:06:03.658Z" user="john">v 1.12 2016</note>
            </notesStmt>
        </fileDesc>
    </teiHeader>
    <text>
        <front>
            <!--   Contents
                Summary
                    Acknowledgments
                        Introduction
                            The Translation
                                The Inquiry of Jayamati
                                    Notes
                                        Bibliography-->
            <div type="summary">
                <head type="summary" tid="20">Summary</head>
                <milestone unit="chunk" xml:id="UT22084-061-014-1"/>
                <p tid="1">The sūtra is introduced with the Buddha residing in Anāthapiṇḍada’s grove in Jeta Wood in Śrāvastī
                    together with a great assembly of monks and a great multitude of bodhisatvas. The Buddha then addresses the
                    bodhisatva Jayamati, instructs him on nineteen moral prescriptions, and indicates the corresponding effects of
                    practicing these prescriptions when they are cultivated. </p>
            </div>
            <div type="acknowledgment">
                <head type="acknowledgment" tid="21">Acknowledgments</head>
                <milestone unit="chunk" xml:id="UT22084-061-014-2"/>
                <p tid="2">Translation by the University of Calgary Buddhist Studies team. This sūtra was introduced and
                    translated by James B. Apple. </p>
                <p tid="3">This translation has been completed under the patronage and supervision of 84000: Translating the Words
                    of the Buddha.</p>
            </div>
            <div type="introduction">
                <head type="introduction" tid="22">Introduction</head>
                <div type="section">
                    <milestone unit="chunk" xml:id="UT22084-061-014-3"/>
                    <p tid="4">At first glance, the <title xml:lang="Sa-Ltn">Jaya­mati­paripṛcchā­sūtra</title> (“The Sūtra of the
                        Inquiry of Jayamati”) appears to be a short Mahāyāna sūtra preserved in the Tibetan Kangyurs,<note place="end" index="1" xml:id="UT22084-061-014-68">On the necessity of employing the plural “Kangyurs”
                            as opposed to “the Kangyur,” see the work of Peter Skilling (1997, 2009, 2013).</note> as well as in a
                        recently published Sanskrit manuscript.<note place="end" index="2" xml:id="UT22084-061-014-69">Vinītā
                            (2010), Vol I,1, pp 305-316.</note> However, despite appearances, the <title xml:lang="Sa-Ltn">Jaya­mati­paripṛcchā­sūtra</title> in fact has an intertextual relationship, previously unrecognized,
                        as part of the <title xml:lang="Sa-Ltn">Śūraṃgama­samādhi­sūtra</title> (“The Concentration of Heroic
                        Progress”) (Apple 2015). </p>
                    <milestone unit="chunk" xml:id="UT22084-061-014-4"/>
                    <p tid="5">The Sanskrit version of the <title xml:lang="Sa-Ltn">Jaya­mati­paripṛcchā­sūtra</title> is
                        preserved as the eighth among twenty sūtras contained in a unique, but incomplete, manuscript collection
                        recovered from the Potala Palace in Lhasa, Tibet. The Sanskrit edition is divided into three paragraphs
                        with section numbers. We have retained the section numbers in the following translation of the Tibetan
                        version. The Tibetan version of the <title xml:lang="Sa-Ltn">Jaya­mati­paripṛcchā­sūtra</title> exists in
                        twelve available Tibetan exemplars that date initially from the late eighth to mid-ninth century,
                        beginning with the Dunhuang IOL Tib J 75 exemplar, up through the vulgate editions of handwritten and
                        printed Kangyur versions which date from the thirteenth to the eighteenth centuries. </p>
                    <lb/>
                    <milestone unit="chunk" xml:id="UT22084-061-014-5"/>
                    <p tid="6">
                        <title xml:lang="Sa-Ltn">The Inquiry of Jayamati</title> is listed in two early ninth century Tibetan
                        catalogs, the Lhenkarma (<title xml:lang="Bo-Ltn">lhan kar ma</title>),<note place="end" index="3" xml:id="UT22084-061-014-70">§236; see Herrmann-Pfandt (2008), p 124. The Lhenkarma is also sometimes
                            called the Denkarma (<title xml:lang="Bo-Ltn">ldan kar ma</title>).</note> and the Phangthangma
                            (<title xml:lang="Bo-Ltn">’phang thang ma</title>),<note place="end" index="4" xml:id="UT22084-061-014-71">Rdo (2003), p 18.</note> as the <title xml:lang="Sa-Ltn">Jayamati­paripṛcchā</title> (<title xml:lang="Bo-Ltn">rgyal ba’i blo gros kyis zhus pa</title>) in
                        eleven ślokas. The late thirteenth century catalog of the Tibetan Kadampa master Darma Gyaltsen (<foreign type="term" xml:lang="Bo-Ltn">dar ma rgyal mtshan</foreign>, 1227-1305), commonly known as Chomden
                        Reltri (<foreign type="term" xml:lang="Bo-Ltn">bcom ldan ral gri</foreign>), lists the sūtra as the <title xml:lang="Sa-Ltn">Jaya­mati­paripṛcchā</title> (<title xml:lang="Bo-Ltn">rgyal ba’i blo gros kyis zhus
                            pa</title>) in eleven ślokas.<note place="end" index="5" xml:id="UT22084-061-014-72">Schaeffer and van
                            der Kuijp (2009), p 133.</note> A listing of texts appended to the <title xml:lang="en">History of
                            Buddhism in India and its Spread to Tibet</title> by Butön Rinchen Drup (<foreign type="term" xml:lang="Bo-Ltn">bu ston rin chen grub</foreign>, 1290-1364) also records the work as the <title xml:lang="Sa-Ltn">Jaya­mati­paripṛcchā</title> (<title xml:lang="Bo-Ltn">rgyal ba’i blo gros kyis zhus
                            pa</title>) in eleven ślokas.<note place="end" index="6" xml:id="UT22084-061-014-73">Nishioka (1980),
                            p 74, §277. See Van der Kuijp (2013) for an analysis of this work’s textual formation and
                            transmission.</note> These catalog lists match the Tibetan title of the sūtra that is found in a
                        marginal note above the first line of the Sanskrit manuscript of the <title xml:lang="Sa-Ltn">Jaya­mati­paripṛcchā</title> as <title xml:lang="Bo-Ltn">’phags pa rgyal ba’i blo gros kyis zhus pa’i
                            mdo ste brgyad par rdzogs so</title>.<note place="end" index="7" xml:id="UT22084-061-014-74">Vinītā
                            (2010), p 314, note α.</note>
                    </p>
                    <p tid="7">However, among vulgate Kangyurs, the Tshalpa (<foreign type="term" xml:lang="Bo-Ltn">tshal
                            pa</foreign>) editions of Cone (C), Degé (D), Jangsatham (J), Peking (Q), the independent Kangyurs of
                        Phug brag (F, F2), and the Gondlha (Go) proto-Kangyur give the title as <title xml:lang="en">The Mahāyāna
                            Sūtra “Jayamati”</title> (<title xml:lang="Sa-Ltn">Jaya­mati­nāma­mahā­yāna­sūtra</title>, <title xml:lang="Bo-Ltn">rgyal ba’i blo gros zhes bya ba theg pa chen po’i mdo</title>), while only the
                        Kangyurs of the Thempangma (<foreign type="term" xml:lang="Bo-Ltn">thems spang ma</foreign>) line of
                        London (L) and Stok Palace (S), as well as the mixed Kangyur of Narthang (N), give the title, in Tibetan
                        at least, as <title xml:lang="Bo-Ltn">’phags pa rgyal ba’i blo gros kyis zhus pa zhes bya ba theg pa chen
                            po’i mdo</title>, (<title xml:lang="en">The Mahāyāna Sūtra “The Inquiry of Jayamati”</title>).
                        Although this should translate the Sanskrit <title xml:lang="Sa-Ltn">Jaya­mati­paripṛcchā­nāma­mahā­yāna­sūtra</title>, these Kangyurs, too, use the Sanskrit title <title xml:lang="Sa-Ltn">Jaya­mati­nāma­mahā­yāna­sūtra</title>. None of the available Tibetan editions have
                        a colophon that lists the translators of the <foreign xml:lang="Sa-Ltn">sūtra</foreign>. </p>
                    <lb/>
                    <milestone unit="chunk" xml:id="UT22084-061-014-6"/>
                    <p tid="8">Analysis of the Sanskrit and Tibetan versions indicate that they preserve different <foreign type="term" xml:lang="Sa-Ltn">nidāna</foreign> or prologues. The Sanskrit version has the Bhagavān
                        residing at Vulture’s Peak in Rājagrḥa with a great company of 1,250 monks, while the Tibetan version has
                        the Bhagavān residing at the grove of Anāthapiṇḍada in Jeta Wood in Śrāvastī together with a great
                        assembly of monks and a great multitude of bodhisatvas.<note place="end" index="8" xml:id="UT22084-061-014-75">We follow the Buddhist Sanskrit spelling of ‘bodhisatva’ with a single
                            rather than a double ‘t’ as found in manuscripts and inscriptions as the latter is a convention of
                            modern editors. See Bhattacharya (2010).</note> Vinītā’s study<note place="end" index="9" xml:id="UT22084-061-014-76">Vinītā (2010), vol. I,1, p 315, note α.</note> also notes that the
                        conclusions of the Sanskrit and Tibetan versions differ. These differences between the Sanskrit and
                        Tibetan versions of the introductory settings and formulaic conclusions may well indicate that this brief
                        sūtra was redacted in a manner similar to the Mūla­sarvāsti­vāda rules on “how to make up a sūtra.”<note place="end" index="10" xml:id="UT22084-061-014-77">Schopen (2004).</note> This is based on the fact
                        that all Tibetan versions of the sūtra give Śrāvastī as the setting, this being the favored location for a
                        redacted text among the Mūla­sarvāsti­vāda according to Gregory Schopen’s recent analysis.<note place="end" index="11" xml:id="UT22084-061-014-78">As detailed by Schopen (2004, p 397), narrative
                            elements appear to carry great weight for some scholars but “we know next to nothing for certain about
                            how early texts were redacted and transmitted” (ibid, p 399). The rules for redaction in the
                            Mūla­sarvāstivāda Vinaya “clearly favor Śrāvastī” as the setting. Both Rājagṛha and Śrāvastī are among
                            the six great cities recommended as a location if the setting is forgotten. Schopen provides analysis
                            of occurrences noting that Gokhale records a 75% occurrence of Sāvatthi in Pāli texts, Minh Chang
                            records a 45% occurrence in the Chinese Madhyama-āgama, and Schopen himself estimates an 80%
                            occurrence rate for Śrāvastī in the Mūla­sarvāstivāda Vinaya. Currently known redaction rules applied
                            to sūtras, therefore, place the location in Śrāvastī more frequently than would otherwise be
                            expected.</note>
                    </p>
                    <milestone unit="chunk" xml:id="UT22084-061-014-7"/>
                    <p tid="9">The other immediately apparent difference in content between the Sanskrit and Tibetan versions is
                        that the edited Tibetan contains nineteen prescriptions rather than the fourteen in the Sanskrit. In the
                        following translation, the third and fourth prescriptions in the Tibetan are in inverse order compared
                        with the Sanskrit. Notably, the eighth prescription in the Tibetan version discusses knowledge, while the
                        Sanskrit version has meditative absorption. Classical philological and phylogenetic textual analysis of
                        the available Tibetan exemplars of the <title xml:lang="Sa-Ltn">Jaya­mati­paripṛcchā</title> indicates
                        there are four lines of textual relations grouped within the (I) Tshalpa (C, D, J, N, Q, Y) line, (II)
                        Thempangma (L, S) line, (III) Dunhuang (M) and Phug brag (F, F2) manuscripts, and (IV) Western Kangyur
                        lines (Go). Textual analysis also indicates two recensions of the sūtra, with the Dunhuang exemplar and
                        the two Phug brag exemplars, each containing sixteen prescriptions, representing one textual recension,
                        while the Gondlha proto-Kangyur and vulgate Kangyurs represent another textual recension. The Dunhuang and
                        Phug brag exemplars may represent early, but incomplete, Tibetan translations of the sūtra. </p>
                    <lb/>
                    <milestone unit="chunk" xml:id="UT22084-061-014-8"/>
                    <p tid="10">Be that as it may, the doctrinal content of the <title xml:lang="Sa-Ltn">Jaya­mati­paripṛcchā</title>, including all nineteen prescriptions found among vulgate Tibetan
                        Kangyurs, is actually contained within the much older version of Kumārajīva’s early fifth century Chinese
                        translation of the <title xml:lang="Sa-Ltn">Śūraṃgama­samādhi­sūtra</title>, the <title xml:lang="Zh-Ltn">Shoulengyan sanmei jing</title>, 首楞嚴三昧經 (Taishō. no. 642, 15), as well as the later ninth century
                        Tibetan translation of the <title xml:lang="Sa-Ltn">Śūraṃgama­samādhi­sūtra</title>. This intertextual
                        relation between the <title xml:lang="Sa-Ltn">Jaya­mati­paripṛcchā­sūtra</title> and <title xml:lang="Sa-Ltn">Śūraṃgama­samādhi­sūtra</title> has not been noticed before, either by traditional
                        Buddhist scholars or by modern Buddhist studies scholars. Versions in French and English of the
                        corresponding content are located in section 153 of Étienne Lamotte’s translation of the <title xml:lang="Sa-Ltn">Śūraṃgama­samādhi­sūtra</title>,<note place="end" index="12" xml:id="UT22084-061-014-79">Lamotte, French (1965) pp 255-6; English (1998), pp 225-6.</note> under
                        the title given by Lamotte, “Why and How to Practice the Heroic Progress.” Kumārajīva’s Chinese version
                        and the Tibetan version of the <title xml:lang="Sa-Ltn">Śūraṃgama­samādhi­sūtra</title>, translated by
                        Śākyaprabha and Ratnarakṣita, closely match the syntax and terminology found in the Tibetan version of the
                            <title xml:lang="Sa-Ltn">Jaya­mati­paripṛcchā­sūtra</title>, despite several minor differences in
                        wording (Apple, 2015).</p>
                    <milestone unit="chunk" xml:id="UT22084-061-014-9"/>
                    <p tid="11">Although there is a direct correspondence in content between the <title xml:lang="Sa-Ltn">Jaya­mati­paripṛcchā­sūtra</title> and this section of the <title xml:lang="Sa-Ltn">Śūraṃgama­samādhi­sūtra</title>, a significant difference between the two sūtras is the person
                        speaking the prescribed content. In the <title xml:lang="Sa-Ltn">Jaya­mati­paripṛcchā­sūtra</title> the
                        prescriptions are delivered by the Buddha to the <foreign xml:lang="Sa-Ltn" type="term">bodhisatva</foreign> Jayamati. The
                            <title xml:lang="Sa-Ltn">Śūraṃgama­samādhi­sūtra</title>, on the other hand, attributes the
                        prescriptions to Jayamati. After Jayamati proclaims the nineteen prescriptions in the <title xml:lang="Sa-Ltn">Śūraṃgama­samādhi­sūtra</title>, the Buddha responds to Jayamati, corresponding to
                        section 154 of Lamotte’s <title xml:lang="Sa-Ltn">Śūraṃgama­samādhi­sūtra</title> translation,<note place="end" index="13" xml:id="UT22084-061-014-80">Lamotte (1998), pp 226-7.</note> with a
                        proclamation advocating the practice of the <title xml:lang="Sa-Ltn">Śūraṃgama­samādhi</title>,
                        emphasizing how this <foreign type="term" xml:lang="Sa-Ltn">samādhi</foreign> encompasses and goes beyond
                        the qualities that the bodhisatva Jayamati had declared.</p>
                    <milestone unit="chunk" xml:id="UT22084-061-014-10"/>
                    <p tid="12">The correspondence between the <title xml:lang="Sa-Ltn">Jaya­mati­paripṛcchā­sūtra</title> and
                        this section of the <title xml:lang="Sa-Ltn">Śūraṃgama­samādhi­sūtra</title> brings up a number of
                        interesting questions related to philology, intertextuality, and other cultural practices in the study of
                        Mahāyāna sūtras. Based on the analysis of these sūtras, the <foreign xml:lang="la">stemma
                            codicum</foreign> for the content of the <title xml:lang="Sa-Ltn">Jaya­mati­paripṛcchā­sūtra</title>,
                        due to its being incorporated into the <title xml:lang="Sa-Ltn">Śūraṃgama­samādhi­sūtra</title>, pushes
                        the inferred archetype or oldest inferable ancestor of this sūtra back before the fifth century of
                        Kumārajīva.</p>
                    <milestone unit="chunk" xml:id="UT22084-061-014-11"/>
                    <p tid="13"> How do we know this? The content of the <title xml:lang="Sa-Ltn">Jaya­mati­paripṛcchā­sūtra</title> was wholly subsumed and inverted from the Buddha’s speech to
                        represent the bodhisatva Jayamati’s proclamation, including all nineteen prescriptions in the <title xml:lang="Sa-Ltn">Śūraṃgama­samādhi­sūtra</title>. This means that the content of the <title xml:lang="Sa-Ltn">Jaya­mati­paripṛcchā­sūtra</title> must precede the composition of this section of
                        the <title xml:lang="Sa-Ltn">Śūraṃgama­samādhi­sūtra</title>. Most modern scholars theorize that the
                            <title xml:lang="Sa-Ltn">Śūraṃgama­samādhi­sūtra</title> is one of the oldest Mahāyāna sūtras<note place="end" index="14" xml:id="UT22084-061-014-81">Lamotte (1998), p 41.</note> due to its listing in
                        Chinese catalogs as being translated several times before Kumārajīva’s fifth century Chinese version,
                        including the non-extant second century <title xml:lang="Zh-Ltn">Shoulengyan jing</title>, 首楞嚴經, of Lokakṣema
                        (支讖, 185 c.e.) and the lost third century translation of Zhi Qian (支謙).<note place="end" index="15" xml:id="UT22084-061-014-82">See Hureau (2010), p 1224, and Nattier (2008), p 75.</note> Although we
                        are unable to verify that these early, but lost, Chinese versions included the section that corresponds
                        with the <title xml:lang="Sa-Ltn">Jaya­mati­paripṛcchā­sūtra</title>, we can still infer that the content
                        of the <title xml:lang="Sa-Ltn">Jaya­mati­paripṛcchā­sūtra</title> with its nineteen prescriptions must go
                        back to the fourth century. It is highly probable that the content of the <title xml:lang="Sa-Ltn">Jaya­mati­paripṛcchā­sūtra</title> circulated as a type of <foreign type="term" xml:lang="Sa-Ltn">subhāṣita</foreign> or set of well-spoken sayings for monks who took up the vocation<note place="end" index="16" xml:id="UT22084-061-014-83">On the notion of early Mahāyāna formations as an optional and
                            legitimate vocation, or particular lifestyle, within Buddhist communities see Nattier (2003), pp
                            84-86, and Skilton (2002), p 134.</note> of Mahāyāna practices.</p>
                    <milestone unit="chunk" xml:id="UT22084-061-014-12"/>
                    <p tid="14">In sum, the evidence of relationships between the <title xml:lang="Sa-Ltn">Jaya­mati­paripṛcchā­sūtra</title> and <title xml:lang="Sa-Ltn">Śūraṃgama­samādhi­sūtra</title>
                        brings a nuanced awareness to the intertextual relationships between Mahāyāna sūtras. This evidence
                        indicates that the authorial communities that composed and compiled “Mahāyāna” texts during the Kuṣāṇa and
                        Gupta eras in South Asia were aware of each other’s work and that there were shared elements between
                        authorial communities of different “Mahāyāna” sūtras. The subsuming of the <title xml:lang="Sa-Ltn">Jaya­mati­paripṛcchā­sūtra</title> into the <title xml:lang="Sa-Ltn">Śūraṃgama­samādhi­sūtra</title>
                        also provides a rare glimpse of something more. It points toward the editorial practices utilized by the
                        authors of Mahāyāna sūtras to gain rhetorical advantage over competitors. The shared content demonstrates
                        that the authorial communities of these sūtras were not only borrowing each other’s ideas, stock phrases,
                        and literary tropes, but were actively competing to demonstrate that their vision of the bodhisatva way
                        superseded the practices and motivations outlined by other groups.</p>
                </div>
            </div>
        </front>
        <body>
            <div type="translation">
                <head type="translation" tid="23">The Translation</head>
                <head type="titleHon" tid="24">The Noble Great Vehicle Sūtra</head>
                <head type="titleMain" tid="25">The Inquiry of Jayamati</head>
                <div type="section">
                    <milestone unit="chunk" xml:id="UT22084-061-014-13"/>
                    <p tid="15">
                        <!--<modularPassage type="homage">-->
                        <ref cRef="F.250.b"/> Homage to all buddhas and bodhisatvas! <!--</modularPassage>-->
                    </p>
                    <lb/>
                    <p tid="16">Thus I have heard at one time. The Bhagavān was residing at the grove of Anāthapiṇḍada in Jeta
                        Wood in Śrāvastī together with a great assembly of monks and a great multitude of bodhisatvas. Then, the
                        Bhagavān addressed the bodhisatva Jayamati as follows. </p>
                    <lb/>
                    <milestone unit="chunk" xml:id="UT22084-061-014-14"/>
                    <p tid="17">“Jayamati, a faithful man or woman of a good family<note place="end" index="17" xml:id="UT22084-061-014-84">The translation follows Vinītā’s (2010, pp 57 and 459) observation for
                                <foreign xml:lang="Sa-Ltn" type="term">kula­putra</foreign> (as well as <foreign xml:lang="Sa-Ltn" type="term">kula­duhitā</foreign>) that –<foreign xml:lang="Sa-Ltn">putra</foreign> in the latter
                            part of a compound does not mean ‘son’ but indicates a ‘member’ of a class or group.</note> (1) who
                        desires merit should worship the Tathāgata; (2) who desires discernment should be devoted to learning;
                        (3) who desires heavenly rebirth should uphold moral conduct; (4) who desires wealth should increase
                        charity; (5) who desires beauty should cultivate patience; (6) who desires eloquence should pay respect to
                        the guru; (7) who desires memory should not have excessive pride; (8) who desires knowledge should
                        frequently practice appropriate mindfulness; <ref cRef="F.251.a"/> (9) who desires liberation should
                        abstain from all evil; (10) who desires to make all beings happy should generate the mind for awakening;
                        (11) who desires a sweet voice should speak truthfully; (12) who desires virtuous qualities should take
                        joy in solitude; (13) who desires the Dharma should attend to the spiritual friend; (14) who desires
                        quiescence should frequently practice no contact with others; (15) who desires insight should frequently
                        examine things as empty; (16) who desires rebirth in the world of Brahmā should cultivate love,
                        compassion, joy, and equanimity; (17) who desires the abundant resources of gods and humans should behave
                        in conformity with the path of ten virtuous actions; (18) who desires complete nirvāṇa should take joy in
                        empty dharmas; (19) who desires to obtain all virtuous qualities<note place="end" index="18" xml:id="UT22084-061-014-85">Refers to “all qualities.”</note> should worship the Three Jewels.” </p>
                    <lb/>
                    <milestone unit="chunk" xml:id="UT22084-061-014-15"/>
                    <p tid="18">When the Bhagavān had spoken, the bodhisatva mahāsatva Jayamati, the complete assembly, and the
                        world with its gods, humans, demigods and gandharvas rejoiced and highly praised what had been proclaimed
                        by the Bhagavān. </p>
                </div>
                <div type="colophon">
                    <head type="colophon" tid="26">Colophon</head>
                    <milestone unit="chunk" xml:id="UT22084-061-014-16"/>
                    <p tid="19">This completes the noble Mahāyāna sūtra, <title xml:lang="en">The Inquiry of Jayamati</title>.</p>
                </div>
            </div>
        </body>
        <back>
            <div type="notes">
                <head type="notes" tid="27">Notes</head>
            </div>
            <div type="listBibl">
                <head type="listBibl" tid="28">Bibliography</head>
                <div type="section">
                    <head type="section" tid="29">Indian Sūtras</head>
                    <bibl xml:id="UT22084-061-014-17">
                        <title xml:lang="Bo-Ltn">’phags pa rgyal ba’i blo gros zhes bya ba theg pa chen po’i mdo</title> (<title xml:lang="Sa-Ltn">Jayamati­nāma­mahā­yāna­sūtra</title>), Toh. 194, also entitled <title xml:lang="Bo-Ltn">’phags pa rgyal ba’i blo gros kyis zhus pa zhes bya ba theg pa chen po’i mdo</title>
                            (<title xml:lang="Sa-Ltn">Jaya­mati­paripṛcchā­nāma­mahā­yāna­sūtra</title>) in (L), (S), and
                        (N):<lb/>(C) Cone Kangyur, vol. 41 (mdo sde, tsa), folios 309b-310a;<lb/> (D) Degé Kangyur, vol. 61 (mdo
                        sde, tsa), folios 250b-251a;<lb/> (F) Phug brag Kangyur, vol. 70 (mdo sde, ma), folios 58b-59a;<lb/> (F2)
                        Phug brag Kangyur, vol. 82 (mdo sde, sa), folios 257b-258b;<lb/> (Go) Gondhla Collection, vol. 13 (ka-na,
                        folio 200b – ka-ma, folio 1a);<lb/> (J) Lithang Kangyur, vol. 56 (mdo sde, tsa), folios 282a-282b;<lb/>
                        (L) London Kangyur, vol. 52 (mdo sde, za), folios 7b-8b;<lb/> (M) <ref target="http://idp.bl.uk:80/database/oo_loader.a4d?pm=IOL Tib J 75;img=1">IOL Tib J 75</ref>; <lb/> (N) Narthang
                        Kangyur, vol. 61 (mdo sde, ba), folios 403b-404b;<lb/> (Q) Peking Kangyur, vol. 34 (mdo sna tshogs, mu),
                        folios 260b-261a (p 232); <lb/> (S) Stok Palace Kangyur, vol. 73 (mdo sde, za), folios 6b-7b;<lb/> (Y)
                        Readings of the Yongle Kangyur found in bka’ ’gyur (dpe bsdur ma) [Comparative Edition of the Kangyur],
                        krung go’i bod rig pa zhib ’jug ste gnas kyi bka’ bstan dpe sdur khang (The Tibetan Tripitaka Collation
                        Bureau of the China Tibetology Research Center). 108 volumes. Beijing: krung go’i bod rig pa dpe skrun
                        khang (China Tibetology Publishing House), 2006–9, vol. 61 (mdo sde, tsa), pp. 681-683.</bibl>
                    <bibl xml:id="UT22084-061-014-18">
                        <title xml:lang="Sa-Ltn">Śūraṃgama­samādhi­nāma­mahā­yāna­sūtra</title>:<lb/>
                        <title xml:lang="zh">Shoulengyan sanmei jing</title>, 首楞嚴三昧經 (Taishō 642, 15), translated by Kumārajīva
                        (402-412 c.e.). <lb/>
                        <title xml:lang="Bo-Ltn">’phags pa dpa’ bar ’gro ba’i ting nge ’dzin zhes bya ba theg pa chen po’i
                            mdo</title>, Toh. 132, translated by Śākyaprabha and Ratnarakṣita, Degé Kangyur, vol. 55 (mdo sde,
                        da), folios 253b-316b. For translations, see Lamotte 1965, 1998.</bibl>
                </div>
                <div type="section">
                    <head type="section" tid="30">Tibetan Indigenous Sources</head>
                    <bibl xml:id="UT22084-061-014-19">Rdo, Rta (ed.). (2003) <title xml:lang="Bo-Ltn">dkar chag ’phang thang ma /
                            sgra sbyor bam po gnyis pa</title>. Beijing: mi rigs dpe skrun khang.</bibl>
                    <bibl xml:id="UT22084-061-014-20">Pad dkar bzang po. Ed. Mi nyag mgon po (2006). <title xml:lang="Bo-Ltn">mdo
                            sde spyi’i rnam bzhag</title>. Beijing: mi rigs dpe skrun khang.</bibl>
                </div>
                <div type="section">
                    <head type="section" tid="31">Modern Sources</head>
                    <bibl xml:id="UT22084-061-014-21">Apple, James B. (2013a). “Redaction and Rhetoric in Mahāyāna Sūtras: The
                        Case of Jayamati.” Paper presented at the 223rd meeting of the American Oriental Society, Portland,
                        Oregon, Friday, March 15, 2013.</bibl>
                    <bibl xml:id="UT22084-061-014-22">Apple, James B. (2013b). “Phylogenetics and Philology in the Study of
                        Tibetan Kanjurs: The Case of the Tibetan Dunhuang version of the <title xml:lang="en">Sūtra of
                            Jayamati</title>.” Paper presented at the Canadian Society for the Study of Religion, Victoria,
                        British Columbia, Sunday, June 2, 2013.</bibl>
                    <bibl xml:id="UT22084-061-014-23">Apple, James B. (2015). “Redaction and Rhetoric in Mahāyāna Sūtras: The Case
                        of Jayamati.” <title xml:lang="en">Indo-Iranian Journal</title>, vol. 58:1, pp 1-24. </bibl>
                    <bibl xml:id="UT22084-061-014-24">Bhattacharya, Gouriswar. (2010). “How to Justify the Spelling of the
                        Buddhist Hybrid Sanskrit Term Bodhisatva?” In Eli Franco and Monika Zin (eds.), <title xml:lang="en">From
                            Turfan to Ajanta: Festschrift for Dieter Schlingloff on the Occasion of his Eightieth
                        Birthday</title>, vol. II, 35–50. Rupandehi: Lumbini International Research Institute.</bibl>
                    <bibl xml:id="UT22084-061-014-25">Hureau, Sylvie. (2009). “Buddhist Rituals.” In John Lagerwey and Pengzhi Lü
                        (eds.), <title xml:lang="en">Early Chinese Religion: The Period of Division</title> (220-589 AD). Part
                        two, vol. 1, 1207-1244. </bibl>
                    <bibl xml:id="UT22084-061-014-26">Lalou, Marcelle. (1953). “Les Textes Bouddhiques au temps du Roi
                        khri-sroṅ-lde-bcan.” <title xml:lang="fr">Journal Asiatique</title> 241: 313-53.</bibl>
                    <bibl xml:id="UT22084-061-014-27">Lamotte, Étienne. (1965). <title xml:lang="fr">La Concentration de la Marche
                            Héroïque, Śūraṃgama­samādhi­sūtra</title>. Bruxelles: Institut belge des hautes études
                        chinoises.</bibl>
                    <bibl xml:id="UT22084-061-014-28">——— (Sara Boin-Webb, tr.). (1998). <title xml:lang="en">Śūraṃgama­samādhi­sūtra: The Concentration of Heroic Progress: An Early Mahaȳan̄a Buddhist
                            Scripture</title>. Surrey: Curzon Press.</bibl>
                    <bibl xml:id="UT22084-061-014-29">La Vallée Poussin, Louis de. (1962). <title xml:lang="en">Catalogue of the
                            Tibetan manuscripts from Tun-huang in the India Office Library</title>. London: Published for the
                        Commonwealth Relations Office by Oxford University Press. </bibl>
                    <bibl xml:id="UT22084-061-014-30">Nattier, Jan. (2008). <title xml:lang="en">A Guide to the Earliest Chinese
                            Buddhist Translations: Texts from the Eastern Han [dong han] and Three Kingdoms [san guo]
                            Periods</title>. Tokyo: International Research Institute for Advanced Buddhology, Soka
                        University.</bibl>
                    <bibl xml:id="UT22084-061-014-31">Nishioka, Soshū. (1980). “ ‘Putun bukkyōshi’ Mokurokubusakuin 1 / Index to
                        the Catalogue Section of Bu-ston’s ‘History of Buddhism’ 1.” <title xml:lang="Ja-Ltn">Tōkyō daigaku bungakubu
                            Bunka-kōryū-kenkyū-shisetsu Kenkyū Kiyō</title> 4: 61-92.</bibl>
                    <bibl xml:id="UT22084-061-014-32">Schaeffer, Kurtis R., and Leonard W. J. van der Kuijp. (2009). <title xml:lang="en">An Early Tibetan Survey of Buddhist literature: The Bstan pa rgyas pa rgyan gyi nyi ‘od
                            of Bcom ldan ral gri</title>. Cambridge, Mass: Dept. of Sanskrit and Indian Studies, Harvard
                        University.</bibl>
                    <bibl xml:id="UT22084-061-014-33">Schopen, Gregory. (2004). “If You Can’t Remember, How to Make It Up: Some
                        Monastic Rules for Redacting Canonical Texts.” In <title xml:lang="en">Buddhist Monks and Business
                            Matters: Still More Papers on Monastic Buddhism in India</title>, pp. 395-408. Honolulu: University of
                        Hawaii Press. </bibl>
                    <bibl xml:id="UT22084-061-014-34">Skilling, Peter. (1997). “From bKa’ bstan bcos to bKa’ ’gyur and bsTan
                        ’gyur.” In Eimer, Helmut (ed.), <title xml:lang="en">Transmission of the Tibetan Canon: Papers Presented
                            at a Panel of the 7th Seminar of the International Association for Tibetan Studies, Graz 1995</title>,
                        pp. 87-111. Vienna: Österreichische Akademie der Wissenschaften. </bibl>
                    <bibl xml:id="UT22084-061-014-35">———. (2009). “Translating the Buddha’s Words: Some Notes on the Kanjur
                        Translation Project.” Talk at Nonthaburi, March 11, 2009.</bibl>
                    <bibl xml:id="UT22084-061-014-36">———, and Saerji. (2013). “The Circulation of the Buddhāvataṃsaka in
                        India.” In <title xml:lang="en">Annual Report of The International Research Institute for Advanced
                            Buddhology at Soka University for the Academic Year 2012</title>, vol. XVI, pp. 193-216. </bibl>
                    <bibl xml:id="UT22084-061-014-37">Van der Kuijp, Leonard. (2013). “Some Remarks on the Textual Transmission
                        and Text of Bu ston Rin chen grub’s <title xml:lang="Bo-Ltn">Chos ’byung</title>, a Chronicle of Buddhism
                        in India and Tibet.” In <title xml:lang="fr">Revue d’études tibétaines</title>, no. 25, Avril, pp.
                        115-193. </bibl>
                    <bibl xml:id="UT22084-061-014-38">Vinītā, Bhikṣuṇī. (2010). <title xml:lang="en">A Unique Collection of Twenty
                            Sūtras in a Sanskrit Manuscript from the Potala</title>. Beijing: China Tibetology Publishing
                        House.</bibl>
                </div>
            </div>
            <div type="glossary">
                <list type="glossary">
                    <item>
                        <gloss type="term" xml:id="UT22084-061-014-39">
                            <term>faithful man of a good family</term>
                            <term xml:lang="Bo-Ltn">rigs kyi bu </term>
                            <term xml:lang="bo">རིགས་ཀྱི་བུ།</term>
                            <term xml:lang="Sa-Ltn">kulaputra</term>
                            <term type="alternative">faithful man</term>
                        </gloss>
                    </item>
                    <item>
                        <gloss type="term" xml:id="UT22084-061-014-40">
                            <term>faithful woman of a good family</term>
                            <term xml:lang="Bo-Ltn">rigs kyi bu mo </term>
                            <term xml:lang="bo">རིགས་ཀྱི་བུ་མོ།</term>
                            <term xml:lang="Sa-Ltn">kuladuhitā</term>
                            <term type="alternative">woman of a good family</term>
                        </gloss>
                    </item>
                    <item>
                        <gloss type="term" xml:id="UT22084-061-014-41">
                            <term>merit</term>
                            <term xml:lang="Bo-Ltn">bsod nams </term>
                            <term xml:lang="bo">བསོད་ནམས།</term>
                            <term xml:lang="Sa-Ltn">puṇya</term>
                        </gloss>
                    </item>
                    <item>
                        <gloss type="term" xml:id="UT22084-061-014-42">
                            <term>discernment</term>
                            <term xml:lang="Bo-Ltn">shes rab </term>
                            <term xml:lang="bo">ཤེས་རབ།</term>
                            <term xml:lang="Sa-Ltn">prajñā</term>
                        </gloss>
                    </item>
                    <item>
                        <gloss type="term" xml:id="UT22084-061-014-43">
                            <term>learning</term>
                            <term xml:lang="Bo-Ltn">thos pa </term>
                            <term xml:lang="bo">ཐོས་པ།</term>
                            <term xml:lang="Sa-Ltn">śruta</term>
                        </gloss>
                    </item>
                    <item>
                        <gloss type="term" xml:id="UT22084-061-014-44">
                            <term>heavenly rebirth</term>
                            <term xml:lang="Bo-Ltn">mtho ris </term>
                            <term xml:lang="bo">མཐོ་རིས།</term>
                            <term xml:lang="Sa-Ltn">svarga</term>
                        </gloss>
                    </item>
                    <item>
                        <gloss type="term" xml:id="UT22084-061-014-45">
                            <term>moral conduct</term>
                            <term xml:lang="Bo-Ltn">tshul khrims </term>
                            <term xml:lang="bo">ཚུལ་ཁྲིམས།</term>
                            <term xml:lang="Sa-Ltn">śīla</term>
                        </gloss>
                    </item>
                    <item>
                        <gloss type="term" xml:id="UT22084-061-014-46">
                            <term>wealth</term>
                            <term xml:lang="Bo-Ltn">longs spyod </term>
                            <term xml:lang="bo">ལོངས་སྤྱོད།</term>
                            <term xml:lang="Sa-Ltn">bhoga</term>
                        </gloss>
                    </item>
                    <item>
                        <gloss type="term" xml:id="UT22084-061-014-47">
                            <term>beauty</term>
                            <term xml:lang="Bo-Ltn">gzugs bzang ba </term>
                            <term xml:lang="bo">གཟུགས་བཟང་བ།</term>
                            <term xml:lang="Sa-Ltn">rūpa</term>
                        </gloss>
                    </item>
                    <item>
                        <gloss type="term" xml:id="UT22084-061-014-48">
                            <term>eloquence</term>
                            <term xml:lang="Bo-Ltn">spobs pa </term>
                            <term xml:lang="bo">སྤོབས་པ།</term>
                            <term xml:lang="Sa-Ltn">pratibhā</term>
                        </gloss>
                    </item>
                    <item>
                        <gloss type="term" xml:id="UT22084-061-014-49">
                            <term>memory</term>
                            <term xml:lang="Bo-Ltn">gzungs </term>
                            <term xml:lang="bo">གཟུངས།</term>
                            <term xml:lang="Sa-Ltn">dhāraṇī (Not attested in Sanskrit manuscript)</term>
                        </gloss>
                    </item>
                    <item>
                        <gloss type="term" xml:id="UT22084-061-014-50">
                            <term>excessive pride</term>
                            <term xml:lang="Bo-Ltn">mngon pa’i nga rgyal </term>
                            <term xml:lang="bo">མངོན་པའི་ང་རྒྱལ།</term>
                            <term xml:lang="Sa-Ltn">abhimāna (Not attested in Sanskrit manuscript)</term>
                        </gloss>
                    </item>
                    <item>
                        <gloss type="term" xml:id="UT22084-061-014-51">
                            <term>knowledge</term>
                            <term xml:lang="Bo-Ltn">ye shes </term>
                            <term xml:lang="bo">ཡེ་ཤེས།</term>
                            <term xml:lang="Sa-Ltn">jñāna</term>
                        </gloss>
                    </item>
                    <item>
                        <gloss type="term" xml:id="UT22084-061-014-52">
                            <term>appropriate mindfulness</term>
                            <term xml:lang="Bo-Ltn">tshul bzhin yid la byed pa </term>
                            <term xml:lang="bo">ཚུལ་བཞིན་ཡིད་ལ་བྱེད་པ།</term>
                            <term xml:lang="Sa-Ltn">yoniśo manasikara</term>
                        </gloss>
                    </item>
                    <item>
                        <gloss type="term" xml:id="UT22084-061-014-53">
                            <term>liberation</term>
                            <term xml:lang="Bo-Ltn">thar pa </term>
                            <term xml:lang="bo">ཐར་པ།</term>
                            <term xml:lang="Sa-Ltn">mokṣa (Not attested in Sanskrit manuscript)</term>
                        </gloss>
                    </item>
                    <item>
                        <gloss type="term" xml:id="UT22084-061-014-54">
                            <term>sweet voice</term>
                            <term xml:lang="Bo-Ltn">skad snyan pa </term>
                            <term xml:lang="bo">སྐད་སྙན་པ།</term>
                            <term xml:lang="Sa-Ltn">mañjusvara</term>
                        </gloss>
                    </item>
                    <item>
                        <gloss type="term" xml:id="UT22084-061-014-55">
                            <term>solitude</term>
                            <term xml:lang="Bo-Ltn">rab tu dben pa </term>
                            <term xml:lang="bo">རབ་ཏུ་དབེན་པ།</term>
                            <term xml:lang="Sa-Ltn">praviveka (Not attested in Sanskrit manuscript)</term>
                        </gloss>
                    </item>
                    <item>
                        <gloss type="term" xml:id="UT22084-061-014-56">
                            <term>spiritual friend</term>
                            <term xml:lang="Bo-Ltn">dge ba’i bshes gnyen </term>
                            <term xml:lang="bo">དགེ་བའི་བཤེས་གཉེན།</term>
                            <term xml:lang="Sa-Ltn">kalyāṇamitra</term>
                        </gloss>
                    </item>
                    <item>
                        <gloss type="term" xml:id="UT22084-061-014-57">
                            <term>quiescence</term>
                            <term xml:lang="Bo-Ltn">zhi gnas </term>
                            <term xml:lang="bo">ཞི་གནས།</term>
                            <term xml:lang="Sa-Ltn">śamatha</term>
                        </gloss>
                    </item>
                    <item>
                        <gloss type="term" xml:id="UT22084-061-014-58">
                            <term>insight</term>
                            <term xml:lang="Bo-Ltn">lhag mthong </term>
                            <term xml:lang="bo">ལྷག་མཐོང་།</term>
                            <term xml:lang="Sa-Ltn">vipaśyanā</term>
                        </gloss>
                    </item>
                    <item>
                        <gloss type="term" xml:id="UT22084-061-014-59">
                            <term>take joy in</term>
                            <term xml:lang="Bo-Ltn">mngon par dga’ bar bya </term>
                            <term xml:lang="bo">མངོན་པར་དགའ་བར་བྱ།</term>
                        </gloss>
                    </item>
                    <item>
                        <gloss type="term" xml:id="UT22084-061-014-60">
                            <term>all qualities</term>
                            <term xml:lang="Bo-Ltn">yon tan thams cad </term>
                            <term xml:lang="bo">ཡོན་ཏན་ཐམས་ཅད།</term>
                            <term xml:lang="Sa-Ltn">sarvaguṇa</term>
                        </gloss>
                    </item>
                    <item>
                        <gloss type="term" xml:id="UT22084-061-014-61">
                            <term>Three Jewels</term>
                            <term xml:lang="Bo-Ltn">dkon mchog gsum </term>
                            <term xml:lang="bo">དཀོན་མཆོག་གསུམ།</term>
                            <term xml:lang="Sa-Ltn">trīṇi ratnāni</term>
                        </gloss>
                    </item>
                    <item>
                        <gloss type="term" xml:id="UT22084-061-014-62">
                            <term>meditative absorption</term>
                            <term xml:lang="Bo-Ltn">bsam gtan </term>
                            <term xml:lang="bo">བསམ་གཏན།</term>
                            <term xml:lang="Sa-Ltn">dhyāna</term>
                        </gloss>
                    </item>
                    <item>
                        <gloss type="term" xml:id="UT22084-061-014-63">
                            <term>bhagavān</term>
                            <term xml:lang="Bo-Ltn">bcom ldan ’das </term>
                            <term xml:lang="bo">བཅོམ་ལྡན་འདས།</term>
                            <term xml:lang="Sa-Ltn">bhagavān</term>
                        </gloss>
                    </item>
                    <item>
                        <gloss type="person" xml:id="UT22084-061-014-64">
                            <term>Jayamati</term>
                            <term xml:lang="Bo-Ltn">rgyal ba’i blo gros </term>
                            <term xml:lang="bo">རྒྱལ་བའི་བློ་གྲོས།</term>
                            <term xml:lang="Sa-Ltn">Jayamati</term>
                        </gloss>
                    </item>
                    <item>
                        <gloss type="person" xml:id="UT22084-061-014-65">
                            <term>Anāthapiṇḍada</term>
                            <term xml:lang="Bo-Ltn">mgon med zas sbyin </term>
                            <term xml:lang="bo">མགོན་མེད་ཟས་སྦྱིན།</term>
                            <term xml:lang="Sa-Ltn">Anāthapiṇḍada</term>
                        </gloss>
                    </item>
                    <item>
                        <gloss type="place" xml:id="UT22084-061-014-66">
                            <term>Śrāvastī</term>
                            <term xml:lang="Bo-Ltn">mnyan yod </term>
                            <term xml:lang="bo">མཉན་ཡོད།</term>
                            <term xml:lang="Sa-Ltn">Śrāvastī</term>
                        </gloss>
                    </item>
                    <item>
                        <gloss type="place" xml:id="UT22084-061-014-67">
                            <term>Jeta Wood</term>
                            <term xml:lang="Bo-Ltn">rgyal bu rgyal byed kyi tshal </term>
                            <term xml:lang="bo">རྒྱལ་བུ་རྒྱལ་བྱེད་ཀྱི་ཚལ།</term>
                            <term xml:lang="Sa-Ltn">Jetavana</term>
                        </gloss>
                    </item>
                </list>
            </div>
        </back>
    </text>
</TEI>