<?xml-model href="../../../schema/current/translation.rng" type="application/xml" schematypens="http://relaxng.org/ns/structure/1.0"?><TEI xmlns="http://www.tei-c.org/ns/1.0">
    <teiHeader>
        <fileDesc>
            <titleStmt>
                <title type="mainTitle" xml:lang="Bo-Ltn">rten cing ʼbrel bar ʼbyung baʼi mdo</title>
                <title type="mainTitle" xml:lang="bo">རྟེན་ཅིང་འབྲེལ་བར་འབྱུང་བའི་མདོ།</title>
                <title type="mainTitle" xml:lang="en">The Sūtra on Dependent Arising</title>
                <title type="mainTitle" xml:lang="Sa-Ltn">Pratītya­samutpāda­sūtra</title>
                <title type="longTitle" xml:lang="bo">འཕགས་པ་རྟེན་ཅིང་འབྲེལ་བར་འབྱུང་བ་ཞེས་བྱ་བའི་ཐེག་པ་ཆེན་པོའི་མདོ།</title>
                <title type="longTitle" xml:lang="Bo-Ltn">ʼphags pa rten cing ʼbrel bar ʼbyung ba zhes bya ba theg pa chen poʼi
                    mdo</title>
                <title type="longTitle" xml:lang="en">The Noble Mahāyāna Sūtra on Dependent Arising</title>
                <title type="longTitle" xml:lang="Sa-Ltn">Ārya­pratītya­samutpāda­nāma­mahā­yāna­sūtra</title>
                <title type="otherTitle" xml:lang="zh"/>
                <author role="translatorMain" ref="contributors.xml#team-7">Translated by the Buddhavacana Translation Group<lb/> under the patronage and
                    supervision of 84000: Translating the Words of the Buddha.</author>
                <consultant role="advisor" ref="contributors.xml#person-28">Khenpo Konchok Tamphel</consultant>
                <author role="translatorEng" ref="contributors.xml#person-30">Rolf Scheuermann</author>
                <author role="translatorEng" ref="contributors.xml#person-31">Casey Kemp</author>
                <consultant role="advisor" ref="contributors.xml#person-230">Tom Tillemans</consultant>
            <editor role="TEImarkupEditor" ref="contributors.xml#person-253">Michael Engle</editor>
            </titleStmt>
            <editionStmt>
                <edition>v 1.43 <date>2016</date>
                </edition>
            </editionStmt>
            <publicationStmt status="1">
                <publisher>
                    <name>84000: Translating the Words of the Buddha</name> is a global non-profit initiative that aims to
                    translate all of the Buddha’s words into modern languages, and to make them available to everyone.</publisher>
                <availability>
                    <licence>
                        <graphic url="http://i.creativecommons.org/l/by-nc-nd/2.0/88x31.png"/>
                        <p>This work is provided under the protection of a Creative Commons CC BY-NC-ND (Attribution -
                            Non-commercial - No-derivatives) 3.0 copyright. It may be copied or printed for fair use, but only
                            with full attribution, and not for commercial advantage or personal compensation. For full details,
                            see the Creative Commons license.</p>
                    </licence>
                </availability>
                <idno xml:id="UT22084-062-012"/>
                <date>2016-12-01</date>
            </publicationStmt>
            <sourceDesc>
                <bibl key="toh212" type="text">
                    <ref>Toh 212</ref>
                    <biblScope>Degé Kangyur vol. 62 (mdo sde, tsha), folios 125.a–125.b<!--UT22084-062-012;--></biblScope>
                    <author role="translatorTib">Surendrabodhi</author>
                    <author role="translatorTib">Venerable Yeshe De</author>
                    <location count-pages="2">
                        <start volume="62" page="251"/>
                        <end volume="62" page="252"/>
                    </location>
                    <idno parent-id="O1JC114941JC14668"/>
                    <idno source-id="O1JC114941JC11848" work="W22084"/>
                </bibl>
                <bibl key="toh520" type="text">
                    <ref>Toh 520</ref>
                    <biblScope>Degé Kangyur vol. 88 (rgyud ’bum, na), folios 41.a–42.a (in 1737 <foreign xml:lang="Bo-Ltn">par phud</foreign> printing), 58.a–59.a (in later printings)<!--UT22084-088-014-->
                    </biblScope>
                    <location count-pages="3">
                        <start volume="88" page="83"/>
                        <end volume="88" page="85"/>
                    </location>
                    <idno parent-id="O1JC114941JC21415"/>
                    <idno source-id="O1JC114941JC12242" work="W22084"/>
                </bibl>
                <bibl key="toh980" type="text">
                    <ref>Toh 980</ref>
                    <biblScope>Degé Kangyur vol. 101 (gzungs ’dus, waṃ), folios 99.a–99.b<!--UT22084-101-035--></biblScope>
                    <location count-pages="2">
                        <start volume="101" page="199"/>
                        <end volume="101" page="200"/>
                    </location>
                    <idno parent-id="O1JC114941JC20568"/>
                    <idno source-id="O1JC114941JC12743" work="W22084"/>
                </bibl>
            </sourceDesc>
            <notesStmt>
                <note type="lastUpdated" date-time="2019-03-10T17:11:04.068Z" user="celso">10/03/2019 17:11:04</note>
            </notesStmt>
        </fileDesc>
    </teiHeader>
    <!--
                    <p>Contents</p>
            <p>Summary</p>
            <p>Acknowledgments</p>
            <p>Introduction</p>
            <p>The Translation </p>
            <p><hi rend="italic">The Sūtra on Dependent Arising</hi>
            </p>
            <p>Notes</p>
            <p>Bibliography</p>
    -->
    <text>
        <front>
            <div type="summary">
                <head type="summary" tid="22">Summary</head>
                <milestone unit="chunk" xml:id="UT22084-062-012-1"/>
                <p tid="1">While the Buddha is residing in the Realm of the Thirty-Three Gods with a retinue of deities, great
                    hearers, and bodhisattvas, Avalokiteśvara asks the Buddha how beings can gain merit from building a stūpa. The
                    Buddha responds by stating the Buddhist creed on dependent arising: </p>
                  <lg tid="2">
                    <l>All phenomena that arise from causes, </l>
                    <l>The Tathāgata has taught their cause,</l>
                    <l>And that which is their cessation, </l>
                    <l>Thus has proclaimed the Great Renunciant.</l>
                </lg>
                <p tid="3">The Buddha then explains that this dependent arising is the dharmakāya, and that whoever sees dependent
                    arising sees the Buddha. He concludes the sūtra by saying that one should place these verses inside stūpas to
                    attain the merit of Brahmā.</p>
            </div>
            <div type="acknowledgment">
                <head type="acknowledgment" tid="23">Acknowledgments</head>
                <milestone unit="chunk" xml:id="UT22084-062-012-2"/>
                <p tid="4">Translation by the Buddhavacana Translation Group, Vienna, under the supervision of Khenpo Konchok
                    Tamphel. This sūtra was translated into English by Rolf Scheuermann and Casey Kemp with the aid of Tom
                    Tillemans.</p>
                <p tid="5">This translation has been completed under the patronage and supervision of 84000: Translating the Words
                    of the Buddha.</p>
            </div>
            <div type="introduction">
                <head type="introduction" tid="24">Introduction</head>
                <div type="section">
                    <milestone unit="chunk" xml:id="UT22084-062-012-3"/>
                    <p tid="6">The topic of this sūtra, as is evident from its title, is the Buddhist doctrine of the dependent
                        arising of conditioned phenomena. This concept is considered by many Buddhists to be the essence of the
                        teaching, the Dharma. Dependent arising is often presented as a series of twelve links (<foreign xml:lang="Sa-Ltn" type="term">nidāna</foreign>) of causes and effects that begins with ignorance and
                        ends with death. This schema is found in many canonical texts, and is the principal topic of the two works
                        that precede the present sūtra in the Degé Kangyur, 
                        the <title xml:lang="en">
                            <ref target="http://read.84000.co/translation/UT22084-062-010.html">Rice Seedling 
                            Sūtra</ref>
                        </title> (<title xml:lang="Sa-Ltn">Śālistambha­sūtra</title>, Toh 210), and 
                        the <title xml:lang="en">Sūtra Teaching Dependent Arising with its Beginning and Divisions</title>
                        (<title xml:lang="Sa-Ltn">Pratītya­samutpādādi­vibhaṅga­nirdeśa­sūtra</title>, 
                        Toh 211).<note place="end" xml:id="UT22084-062-012-62" index="1"> For the first, see Reat (1993) and 
                            <ref target="http://read.84000.co/translation/UT22084-062-010.html">Dharmasāgara Translation Group
                            (2018)</ref>; for the second, see Bien (forthcoming). There is a famous commentary to the <title xml:lang="Sa-Ltn">Pratītya­samutpādādi­vibhaṅga­nirdeśa­sūtra </title>entitled the <title xml:lang="Sa-Ltn">Pratītya­samutpāda­vyākhyā</title>, attributed to Vasubhandu. For an overview of
                            the content of this sūtra and its commentary, see Mejor (1997a, 1997b).</note>
                    </p>
                    <milestone unit="chunk" xml:id="UT22084-062-012-4"/>
                    <p tid="7">The teaching on dependent arising is epitomized by the famous “creed” (<foreign xml:lang="Sa-Ltn">dhāraṇī</foreign>) in verse-form, stating that the Buddha teaches the causes for the arising of
                        phenomena as well as that which is their cessation. This verse formula is perhaps best known from a
                        narrative in the Vinaya recounting Śāriputra’s life. The story tells of Upatiṣya (as Śāriputra was called
                        before he met the Buddha) first hearing about the Buddha from Aśvajit, one of the Buddha’s five erstwhile
                        companions and earliest disciples. When Upatiṣya asks Aśvajit to summarize the very essence of the
                        Buddha’s teaching, Aśvajit answers him by reciting this verse. As soon as he hears it, Upatiṣya
                        immediately attains a preliminary state of realization.<note place="end" xml:id="UT22084-062-012-63" index="2"> In the Mūlasarvāstivāda-vinaya, the story is told in the <title xml:lang="Sa-Ltn">Pravrajya­vastu</title>, the first chapter of the <title xml:lang="Sa-Ltn">Vinaya­vastu</title> (Toh 1-1), Degé Kangyur vol. 1 (’dul ba, ka), folios 32b <foreign xml:lang="la">et seq.</foreign>. For a translation, see <ref target="http://read.84000.co/translation/toh1-1.html#UT22084-001-001-554">Miller (2018), 1.232 <foreign xml:lang="la">et seq</foreign>
                            </ref>. In the Pāli Canon,
                            the same story is told in the Vinayapiṭaka (Mahāvagga I.23.1-10). See also Oldenberg (1997, pp 39-41).
                        </note>
                    </p>
                    <milestone unit="chunk" xml:id="UT22084-062-012-5"/>
                    <p tid="8">In the sūtra translated here, however, these same lines are taught to Avalokiteśvara by the Buddha
                            himself.<note place="end" xml:id="UT22084-062-012-64" index="3">It would nevertheless seem
                            significant, in view of the story mentioned in the previous paragraph, that this sūtra makes specific
                            mention of Aśvajit, his name (unusually) being the only individual one used to represent the group of
                            hearer disciples in the assembly.</note> The Buddha then instructs his followers to insert them into
                        stūpas in order to generate the merit of Brahmā, an extraordinary type of merit.<note place="end" xml:id="UT22084-062-012-65" index="4"> For a detailed study of the use of the concept of the merit of
                            Brahmā in Buddhist inscriptions and textual sources, see Salomon and Schopen (1984). This article also
                            includes a partial translation of the <title xml:lang="Sa-Ltn">Pratītya­samutpāda­sūtra</title> (see p
                            117). </note> The practice of inserting these verses, as well as impressing or inscribing them on
                        religious images, appears to have become popular during the second half of the first millennium,<note place="end" xml:id="UT22084-062-012-66" index="5">See Boucher (1991), p 1.</note> and was observed by
                        Xuanzang in the seventh century.<note place="end" xml:id="UT22084-062-012-67" index="6">See Boucher
                            (1991), p 7.</note> The creed can be found inscribed on, or inserted within, miniature caityas or
                        stūpas at holy sites throughout the Buddhist world such as Sarnath, Bodh Gaya, and Rājagṛha, as far east
                        as Kedah and Java, and as far west as Afghanistan.<note place="end" xml:id="UT22084-062-012-68" index="7">See Sykes (1856), pp 40 and 48; and Skilling (2003). Both articles outline some locations in which
                            this “creed” has been discovered and the linguistic variations found among them. </note> This practice
                        was continued by the Tibetans into the second millennium and to this day it is considered by Buddhists to
                        be a meritorious act.<note place="end" xml:id="UT22084-062-012-69" index="8"> Bentor mentions that
                            prominent Tibetan Buddhist figures such as Jetsün Trakpa Gyaltsen (<foreign xml:lang="Bo-Ltn">rje
                                btsun grags pa rgyal mtshan</foreign>), the fifth Dalai Lama Ngawang Lobsang Gyatso (<foreign xml:lang="Bo-Ltn">ngag dbang blo bzang rgya mtsho</foreign>), and Jamgön Kongtrül Lodrö Thayé
                                (<foreign xml:lang="Bo-Ltn">’jam mgon kong sprul blo gros mtha ’yas</foreign>) all list the verses
                            on dependent arising (<foreign xml:lang="Bo-Ltn">rten ’brel snying po</foreign>) among the Five Great
                            Dhāraṇīs (<foreign xml:lang="Bo-Ltn" type="term">gzungs chen sde lnga</foreign>) that are to be
                            inserted into stūpas. See Bentor (1995), p 254.</note>
                    </p>
                    <milestone unit="chunk" xml:id="UT22084-062-012-6"/>
                    <p tid="9">Xuanzang mentions that these objects were considered relics of the Dharma (<foreign xml:lang="Sa-Ltn" type="term">dharmaśarīra</foreign>). Buddhist scripture came to be identified as a
                        type of relic of the Buddha from the time of early Mahāyāna discourse, according to which worshipping the
                        words of the Buddha was considered to be equivalent, if not superior, to worshipping the Buddha
                            himself.<note place="end" xml:id="UT22084-062-012-70" index="9">The identification of the Dharma with
                            the Buddha himself is expressed in multiple early canonical sources, including the <title xml:lang="Sa-Ltn">Saṃyutta Nikāya</title> (III, 120), of the Pāli sūtra canon (<title xml:lang="Pi-Ltn">Suttapiṭaka</title>), in which the Buddha states, “He who sees the Dharma, Vikkali,
                            sees me. He who sees me, sees the Dharma.” (<foreign xml:lang="Pi-Ltn" type="quote">yo kho vakkali dhammaṃ
                                passati so maṃ passati, yo maṃ passati so dhammaṃ passati</foreign>). <foreign xml:lang="la" type="term">Ibid</foreign>., p 2.</note> Canonical sources, such as the <title xml:lang="Sa-Ltn">
                            <ref target="http://read.84000.co/translation/UT22084-062-010.html">Rice Seedling Sūtra</ref>
                        </title> (Toh 210), have furthermore equated dependent arising with the Dharma
                            itself.<note place="end" xml:id="UT22084-062-012-71" index="10">
                            <foreign xml:lang="Bo-Ltn" type="quote">dge slong dag sus rten cing ’brel bar ’byung ba mthong ba des
                                chos mthong ngo/ sus chos mthong ba des sangs rgyas mthong ngo</foreign>, “Bhikṣus, whoever sees
                            dependent arising sees the Dharma. Whoever sees the Dharma sees the Buddha.” (Dharmasāgara Translation
                            Group, 2018, <ref target="http://read.84000.co/translation/UT22084-062-010.html#UT22084-062-010-12">1.3</ref>). For available editions of the relevant passage, see Reat (1993), p 27.</note>
                        Thus, inserting or inscribing the verse of dependent arising empowers an object just as a fragment of the
                        Buddha’s remains would.<note place="end" xml:id="UT22084-062-012-72" index="11"> This equivalence is made
                            explicit in another sūtra preserved in Chinese, which may in fact be a slightly longer version of the
                            same sūtra, titled <title xml:lang="en">Sūtra on the Merit of Building a Stūpa by the Buddha</title>.
                            Boucher (1991), pp 8-9, provides a full translation of this sūtra. </note> Included in the Tibetan
                        text of this sūtra is the Sanskrit transliteration of the verse, implying that they were used like a
                        mantra or <foreign xml:lang="Sa-Ltn" type="term">dhāraṇī</foreign>;<note place="end" xml:id="UT22084-062-012-73" index="12"> This is also attested, of course, by the inclusion of a copy of this work
                            (as Toh 980) in the <foreign xml:lang="Bo-Ltn" type="term">gzungs ’dus </foreign>(Dhāraṇī) section of
                            the Kangyur.</note> the Sanskrit syllables are considered potent in their own right as a manifestation
                        of the Dharma and thus of the Buddha himself.</p>
                    <milestone unit="chunk" xml:id="UT22084-062-012-7"/>
                    <p tid="10">The sūtra is found in three places within the Degé Kangyur: in the General Sūtra section (Toh 212), the Action Tantra section (Toh 520), and the Incantations (Toh 980). In two of those locations, it is followed by duplicates of a short separate text (Toh 521, Toh 981)<note place="end" xml:id="UT22084-062-012-74" index="13">See <ptr target="#bibliography">bibliography</ptr>. </note> containing the verse of dependent arising, which is also, of course, cited in numerous other texts. To date we do not know of any extant Sanskrit original version of the sūtra,<note place="end" xml:id="UT22084-062-012-75" index="14">There is a version in Sanskrit, available on the internet and originally published by P.L Vaidya (<title xml:lang="Sa-Ltn">Mahāyāna-sūtra-saṁgraha</title>, part I, Buddhist Sanskrit Texts 17, Darbhanga: Mithila Institute, 1961, p 119), which he reproduced from N. Aiyaswami Sastri (in <title xml:lang="Sa-Ltn">Ārya Śālistamba Sūtra, Pratītya­samutpāda­vibhaṅgha Sūtra and Pratītya­samudtpāda­gāthā Sūtra</title>, Śāntiniketan: Adyar Library, 1950, pp 25-27). However, Sastri states that he back-translated his Sanskrit version from the Tibetan.</note> and
                        although there appear to be a few minor spelling mistakes and inconsistencies found in some versions,
                        there are no significant variations among the available Tibetan texts.</p>
                </div>
            </div>
        </front>
        <body>
            <div type="translation">
                <head type="translation" tid="25">The Translation</head>
                <head type="titleHon" tid="26">The Noble Mahāyāna Sūtra on</head>
                <head type="titleMain" tid="27">Dependent Arising</head>
                <div type="section">
                    <milestone unit="chunk" xml:id="UT22084-062-012-8"/>
                    <p tid="11">
                        <ref cRef="F.125.a" key="toh212"/>
                        <ref key="toh520">[F.41.a]</ref>
                        <ref cRef="F.58.a" key="toh520"/>
                        <ref cRef="F.99.a" key="toh980"/> Homage to all buddhas and bodhisattvas!
                    </p>
                    <lb/>
                    <milestone unit="chunk" xml:id="UT22084-062-012-9"/>
                    <p tid="12">Thus did I hear at one time. <ref key="toh520">[F.41.b]</ref>
                        <ref cRef="F.58.b" key="toh520"/> The Blessed One was in the Realm of the Thirty-Three Gods, seated on
                        the throne of Indra. With him were great hearers such as the venerable Aśvajit; bodhisattva mahāsattvas
                        such as noble Maitreya, noble Avalokiteśvara, and Vajrapāṇi, who were adorned with immeasurable precious
                        qualities; as well as various gods such as the great Brahmā, who is the lord of the Sahā world, Nārāyaṇa,
                        the great Īśvara, Śakra, who is the chief of the gods, and Pañcaśikha, who is the king of the
                        gandharvas.</p>
                    <milestone unit="chunk" xml:id="UT22084-062-012-10"/>
                    <p tid="13">On that occasion, the bodhisattva mahāsattva Avalokiteśvara rose from his seat and, having draped
                        his upper robe over one shoulder, knelt down with his right knee on the peak of Mount Meru. His palms
                        together, he then bowed toward the Blessed One and addressed to him these words: </p>
                    <milestone unit="chunk" xml:id="UT22084-062-012-11"/>
                    <p tid="14">“Blessed One, these gods all really wish to build a stūpa. Now that they are present in this
                        entourage, please teach them the Dharma in such a way so that their merit of Brahmā <ref cRef="F.125.b" key="toh212"/>
                        will increase, and the merit of the monks, nuns, laymen, and laywomen will increase much more than that of
                        all types of beings in the world of gods, māras, and Brahmā, including renunciants and brahmins.”<ref cRef="F.99.b" key="toh980"/>
                    </p>
                    <lb/>
                    <milestone unit="chunk" xml:id="UT22084-062-012-12"/>
                    <p tid="15">At this, the Blessed One spoke the verses of dependent arising: </p>
                    <lg tid="16">
                        <l>
                            <foreign xml:lang="Sa-Ltn">ye dharmā hetuprabhavā hetuṃ teṣāṃ tathāgato hy avadat </foreign>
                        </l>
                        <l>
                            <foreign xml:lang="Sa-Ltn">teṣāṃ ca yo nirodha evaṃvādī mahā­śramaṇaḥ</foreign>
                            <note place="end" xml:id="UT22084-062-012-76" index="15">There are multiple variations of this creed
                                found throughout the Buddhist world. See Sykes (1856) and Skilling (2003).</note>
                        </l>
                    </lg>
                    <lg tid="17">
                        <l>“All phenomena that arise from causes, </l>
                        <l>The Tathāgata has taught their cause,</l>
                        <l>And that which is their cessation; </l>
                        <l>Thus has proclaimed the Great Renunciant. <ref key="toh520">[F.42.a]</ref>
                            <ref cRef="F.59.a" key="toh520"/>
                        </l>
                    </lg>
                    <milestone unit="chunk" xml:id="UT22084-062-012-13"/>
                    <p tid="18">“Avalokiteśvara, it is like this. This dependent arising is the dharmakāya of all the tathāgatas.
                        A person who sees dependent arising sees the Tathāgata. Avalokiteśvara, if a faithful son or daughter of a
                        noble family builds, in a remote place, a stūpa the size of a gooseberry fruit, with a central pillar the
                        size of a needle and a parasol the size of a flower of the bakula tree, and inserts this verse of
                        dependent arising which is the dharmadhātu, he or she will generate the merit of Brahmā. When such persons
                        pass on from here and die, they will be reborn in the world of Brahmā. When they pass on from there and
                        die, they will be reborn with fortunes equaling those of the gods of the Pure Abodes.”<note place="end" xml:id="UT22084-062-012-77" index="16">This last sentence is omitted in the otherwise identical copies
                            of the work found in the Tantra and Dhāraṇī sections of the Kangyur, Toh 520 and Toh 980,
                            respectively.</note>
                    </p>
                    <lb/>
                    <milestone unit="chunk" xml:id="UT22084-062-012-14"/>
                    <p tid="19">After the Blessed One had thus spoken, the hearers, bodhisattvas, the whole assembly, and the
                        universe of gods, humans, asuras, and gandharvas rejoiced and praised his words. </p>
                </div>
                <div type="colophon">
                    <head type="colophon" tid="28">Colophon</head>
                    <milestone unit="chunk" xml:id="UT22084-062-012-15"/>
                    <p tid="20">This concludes the Noble Mahāyāna Sūtra on Dependent Arising.</p>
                    <p tid="21">Translated and edited by the Indian scholar Surendrabodhi and the principal editor and translator
                        Venerable Yeshe Dé.<note place="end" xml:id="UT22084-062-012-78" index="17">Mention of the translators is
                            omitted from the colophon in the versions Toh 520 and Toh 980 (see previous note). </note>
                    </p>
                </div>
            </div>
        </body>
        <back>
            <div type="notes">
                <head type="notes" tid="29">Notes</head>
            </div>
            <div type="listBibl">
                <head type="listBibl" tid="30">Bibliography</head>
                <div type="section">
                    <head type="section" tid="31">Tibetan Texts</head>
                    <bibl xml:id="UT22084-062-012-16">
                        <title xml:lang="Bo-Ltn">ʼphags pa rten cing ʼbrel bar ʼbyung ba zhes bya ba theg pa chen poʼi
                            mdo</title> (<title xml:lang="Sa-Ltn">Ārya­pratītya­samutpāda­nāma­mahā­yāna­sūtra</title>). 
                        Toh 212, Degé Kangyur, vol. 62 (mdo sde, tsha), folios 125a–125b. Cf. also Toh 520, vol. 88
                        (rgyud ’bum, na), folios 41a–42a (in <foreign xml:lang="Bo-Ltn">par phud</foreign> printings), 
                        58a–59a (in post <foreign xml:lang="Bo-Ltn">par phud</foreign> printings); and Toh 980, vol. 101 
                        (gzungs ’dus, waṃ), folios 99a–99b.</bibl>
                    <bibl xml:id="UT22084-062-012-17">
                        <title xml:lang="Bo-Ltn">ʼphags pa rten cing ʼbrel bar ʼbyung ba zhes bya ba theg pa chen poʼi
                        mdo</title>. bka’ ’gyur (dpe bsdur ma) [Comparative Edition of the Kangyur], krung go’i bod rig pa zhib
                        ’jug ste gnas kyi bka’ bstan dpe sdur khang (The Tibetan Tripiṭaka Collation Bureau of the China
                        Tibetology Research Center). 108 volumes. Beijing: krung go’i bod rig pa dpe skrun khang (China Tibetology
                        Publishing House), 2006-2009, vol. 62, pp 342-344. Cf. also vol. 88, pp 183–185; and vol. 98, pp
                        324–326.</bibl>
                    <bibl xml:id="UT22084-062-012-18">
                        <title xml:lang="Bo-Ltn">ʼphags pa rten cing ʼbrel bar ʼbyung ba’i snying po zhes bya ba theg pa chen poʼi
                            mdo</title> (<title xml:lang="Sa-Ltn">Ārya­pratītya­samutpāda­hṛdaya­nāma</title>). Toh 521, Degé Kangyur, vol. 88 (rgyud ’bum, na), folio 42a (in <foreign xml:lang="Bo-Ltn">par phud</foreign> printings), 59a (in post <foreign xml:lang="Bo-Ltn">par phud</foreign> printings). Cf. also Toh 981, vol. 101
                        (gzungs ’dus, waṃ), folios 99b–100a.</bibl>
                    <bibl xml:id="UT22084-062-012-19">
                        <title xml:lang="Bo-Ltn">ʼphags pa rten cing ʼbrel bar ʼbyung ba’i snying po zhes bya ba theg pa chen poʼi
                            mdo</title>. bka’ ’gyur (dpe bsdur ma) [Comparative Edition of the Kangyur], krung go’i bod rig pa
                        zhib ’jug ste gnas kyi bka’ bstan dpe sdur khang (The Tibetan Tripiṭaka Collation Bureau of the China
                        Tibetology Research Center). 108 volumes. Beijing: krung go’i bod rig pa dpe skrun khang (China Tibetology
                        Publishing House), 2006-2009, vol. 88, p 187. Cf. also vol. 98, p 328.</bibl>
                    <div type="section">
                        <head type="section" tid="32">Works in English</head>
                        <bibl xml:id="UT22084-062-012-20">Bentor, Yael. “On The Indian Origins of the Tibetan Practice of
                            Depositing Relics and Dharanis in Stupas and Images.” In <title xml:lang="en">Journal of the American
                                Oriental Society</title> 115.2 (1995), pp 248-261.</bibl>
                        <bibl xml:id="UT22084-062-012-21">Bien, Annie. <title xml:lang="en">The Sūtra Teaching Dependent Arising
                                with Its Beginning and Divisions</title> (<title xml:lang="Sa-Ltn">Pratītya­samutpādādi­vibhaṅga­nirdeśa­sūtra</title>, Toh 211). 84000: Translating the Words of
                            the Buddha (forthcoming).</bibl>
                        <bibl xml:id="UT22084-062-012-22">Boucher, Daniel. “The Pratītyasamutpādagāthā and Its Role in the
                            Medieval Cult of the Relics.” In <title xml:lang="en">Journal of the International Association for
                                Buddhist Studies</title> 14.1 (1991), pp 1-27.</bibl>
                        <bibl xml:id="UT22084-062-012-23">Dharmasāgara Translation Group. 
                            <title xml:lang="en">
                                <ref target="http://read.84000.co/translation/UT22084-062-010.html">The Rice
                                Seedling</ref>
                            </title> (<title xml:lang="Sa-Ltn">Śāli­stambha­sūtra</title>, Toh 210). 84000:
                            Translating the Words of the Buddha (2018). </bibl>
                        <bibl xml:id="UT22084-062-012-24">Mejor, Mareck. “On the Formulation of <title xml:lang="Sa-Ltn">Pratītya­samutpāda</title>: Some Observations from Vasubhandu’s <title xml:lang="Sa-Ltn">Pratītya­samutpāda­vyākhyā</title>.” In Agata Bareja-Starzyńska and Mareck Mejor (eds.). <title xml:lang="en">Aspects of Buddhism</title>: Proceedings of the International Seminar on Buddhist
                            Studies (June, 1994). Warsaw: Instytut Orientalistyczny, Uniwersytet Warszawski (1997a), pp
                            125-138.</bibl>
                        <bibl xml:id="UT22084-062-012-25">———. “On Vasubhandu’s <title xml:lang="Sa-Ltn">Pratītya­samutpāda­vyākhyā</title>.” In Agata Bareja-Starzyńska and Mareck Mejor (eds.). <title xml:lang="en">Aspects of Buddhism</title>: Proceedings of the International Seminar on Buddhist
                            Studies (June, 1994). Warsaw: Instytut Orientalistyczny, Uniwersytet Warszawski (1997b), pp
                            139-148.</bibl>
                        <bibl xml:id="UT22084-062-012-26">Miller, Robert. <title xml:lang="en">
                                <ref target="http://read.84000.co/translation/toh1-1.html">The Chapter on Joining the
                                Renunciate Order</ref>
                            </title> (Vinayavastu Pravrajyāvastu, Toh 1). 84000: Translating the Words of the
                            Buddha (2018).</bibl>
                        <bibl xml:id="UT22084-062-012-27">Oldenberg, Hermann (ed.). <title xml:lang="en">The Vinayapiṭakaṃ: One of
                                the Principal Buddhist Holy Scriptures in the Pāli Language, Vol. I: The Mahāvagga</title>.
                            Oxford: Pali Text Society (1997).</bibl>
                        <bibl xml:id="UT22084-062-012-28">Reat, N. Ross. <title xml:lang="en">The Śālistamba Sūtra</title>. Delhi:
                            Banarsidas (1993).</bibl>
                        <bibl xml:id="UT22084-062-012-29">Sakaki, Ryōzaburō (ed.). <title xml:lang="Sa-Ltn">Mahāvyutpatti</title>,
                            2 vols. Kyoto: Daigaku Shingonshū (1916 [1925]).</bibl>
                        <bibl xml:id="UT22084-062-012-30">Salomon, Richard and Gregory Schopen. “The Indravarnam (Avaca) Casket
                            Inscription Reconsidered: Further Evidence for Canonical Passages in Buddhist Inscriptions.” In <title xml:lang="en">Journal of the International Association for Buddhist Studies</title> 7.1 (1984), pp
                            107-123.</bibl>
                        <bibl xml:id="UT22084-062-012-31">Skilling, Peter. “Traces of the Dharma: Preliminary reports on some
                                <title xml:lang="en">ye dhammā</title> and <title xml:lang="Sa-Ltn">ye dharmā</title> inscriptions
                            from Mainland South-East Asia.” In <title xml:lang="en">Bulletin de l’École Française
                                d’Extrême-Orient</title>, 90-91 (2003-2004), pp 273-287. </bibl>
                        <bibl xml:id="UT22084-062-012-32">Sykes, Lieutenant-Colonel. “On the Miniature Chaityas and Inscriptions
                            of the Buddhist Religious Dogma, Found in the Ruins of the Temple of Sárnáth, near Benares.” In <title xml:lang="en">Journal of the Royal Asiatic Society of Great Britain and Ireland</title> (1856),
                            vol. 16, pp 37-53.</bibl>
                    </div>
                </div>
            </div>
            <div type="glossary">
                <list type="glossary">
                    <item>
                        <gloss type="term" xml:id="UT22084-062-012-33">
                            <term>dependent arising</term>
                            <term xml:lang="Bo-Ltn">rten cing ’brel bar ’byung ba </term>
                            <term xml:lang="bo">རྟེན་ཅིང་འབྲེལ་བར་འབྱུང་བ།</term>
                            <term xml:lang="Sa-Ltn">pratītya­samutpāda</term>
                        </gloss>
                    </item>
                    <item>
                        <gloss type="term" xml:id="UT22084-062-012-34">
                            <term>Thirty-Three Gods</term>
                            <term xml:lang="Bo-Ltn">gsum cu rtsa gsum </term>
                            <term xml:lang="bo">གསུམ་ཅུ་རྩ་གསུམ།</term>
                            <term xml:lang="Sa-Ltn">Trāyastriṃśāḥ</term>
                            <term type="definition">Name of a class of gods in the desire realm. There is also an associated
                                heavenly realm, the Realm of the <term type="ignore">Thirty-Three Gods</term>, which is named after these.</term>
                        </gloss>
                    </item>
                    <item>
                        <gloss type="term" xml:id="UT22084-062-012-35">
                            <term>throne of Indra</term>
                            <term xml:lang="Bo-Ltn">ar mo nig lta bu’i rdo leb </term>
                            <term xml:lang="bo">ཨར་མོ་ནིག་ལྟ་བུའི་རྡོ་ལེབ།</term>
                            <term xml:lang="Sa-Ltn">Pāṇḍu­kambala­śilātalam</term>
                            <term type="definition">A huge flat rock, Indra’s throne in the Realm of the Thirty-Three Gods; it is
                                called <foreign xml:lang="Sa-Ltn">Pāṇḍukambala</foreign>, “like a blanket,” because it is made of
                                a pale stone reminiscent of thick wollen cloth. Sakaki 7127 in the <title xml:lang="en">Mahāvyutpatti</title>.</term>
                        </gloss>
                    </item>
                    <item>
                        <gloss type="term" xml:id="UT22084-062-012-36">
                            <term>gandharva</term>
                            <term xml:lang="Bo-Ltn">dri za </term>
                            <term xml:lang="bo">དྲི་ཟ།</term>
                            <term xml:lang="Sa-Ltn">gandharva</term>
                            <term type="definition">
                                <term type="ignore">Gandharvas</term>, lit. “smell-eaters.” A class of deities known for being skilled
                                musicians. Also the name of spirits in the bardo state.</term>
                        </gloss>
                    </item>
                    <item>
                        <gloss type="term" xml:id="UT22084-062-012-37">
                            <term>stūpa</term>
                            <term xml:lang="Bo-Ltn">mchod rten </term>
                            <term xml:lang="bo">མཆོད་རྟེན།</term>
                            <term xml:lang="Sa-Ltn">stūpa</term>
                            <term type="definition">Reliquary for the remains of the Buddha or holy beings that represents the
                                body of the Buddha.</term>
                        </gloss>
                    </item>
                    <item>
                        <gloss type="term" xml:id="UT22084-062-012-38">
                            <term>māra</term>
                            <term xml:lang="Bo-Ltn">bdud </term>
                            <term xml:lang="bo">བདུད།</term>
                            <term xml:lang="Sa-Ltn">māra</term>
                            <term type="definition">Demon who creates obstacles to practice and enlightenment.</term>
                        </gloss>
                    </item>
                    <item>
                        <gloss type="term" xml:id="UT22084-062-012-39">
                            <term>monk</term>
                            <term xml:lang="Bo-Ltn">dge slong </term>
                            <term xml:lang="bo">དགེ་སློང་།</term>
                            <term xml:lang="Sa-Ltn">bhikṣu</term>
                            <term type="definition">Fully ordained Buddhist <term type="ignore">monk</term>.</term>
                        </gloss>
                    </item>
                    <item>
                        <gloss type="term" xml:id="UT22084-062-012-40">
                            <term>nun</term>
                            <term xml:lang="Bo-Ltn">dge slong ma </term>
                            <term xml:lang="bo">དགེ་སློང་མ།</term>
                            <term xml:lang="Sa-Ltn">bhikṣuṇī</term>
                            <term type="definition">Fully ordained Buddhist <term type="ignore">nun</term>.</term>
                        </gloss>
                    </item>
                    <item>
                        <gloss type="term" xml:id="UT22084-062-012-41">
                            <term>layman</term>
                            <term xml:lang="Bo-Ltn">dge bsnyen </term>
                            <term xml:lang="bo">དགེ་བསྙེན།</term>
                            <term xml:lang="Sa-Ltn">upāsaka</term>
                            <term type="definition">Male lay devotees who have taken the five precepts.</term>
                            <term type="alternative">laymen</term>
                        </gloss>
                    </item>
                    <item>
                        <gloss type="term" xml:id="UT22084-062-012-42">
                            <term>laywoman</term>
                            <term xml:lang="Bo-Ltn">dge bsnyen ma </term>
                            <term xml:lang="bo">དགེ་བསྙེན་མ།</term>
                            <term xml:lang="Sa-Ltn">upāsika</term>
                            <term type="definition">Female lay devotees who have taken the five precepts.</term>
                            <term type="alternative">laywomen</term>
                        </gloss>
                    </item>
                    <item>
                        <gloss type="term" xml:id="UT22084-062-012-43">
                            <term>dharmadhātu</term>
                            <term xml:lang="Bo-Ltn">chos kyi dbyings </term>
                            <term xml:lang="bo">ཆོས་ཀྱི་དབྱིངས།</term>
                            <term xml:lang="Sa-Ltn">dharmadhātu</term>
                            <term type="definition">In combination with <foreign xml:lang="Sa-Ltn" type="term">pratītya­samutpāda</foreign> (in this text <foreign type="term" xml:lang="Bo-Ltn">rten cing ’brel bar ’byung ba chos kyi
                                    dbyings</foreign>), the term <foreign xml:lang="Sa-Ltn" type="term">
                                    <term type="ignore">dharmadhātu</term>
                                </foreign> can
                                refer to a type of Buddhist relic which is said to embody the essence of the Buddhist
                                doctrine.</term>
                        </gloss>
                    </item>
                    <item>
                        <gloss type="term" xml:id="UT22084-062-012-44">
                            <term>dharmakāya</term>
                            <term xml:lang="Bo-Ltn">chos sku </term>
                            <term xml:lang="bo">ཆོས་སྐུ།</term>
                            <term xml:lang="Sa-Ltn">dharmakāya</term>
                            <term type="definition">
                                <term type="ignore">Dharmakāya</term> or “body of dharma” refers to the Buddha’s realization of
                                reality.</term>
                        </gloss>
                    </item>
                    <item>
                        <gloss type="term" xml:id="UT22084-062-012-45">
                            <term>gooseberry</term>
                            <term xml:lang="Bo-Ltn">skyu ru ra </term>
                            <term xml:lang="bo">སྐྱུ་རུ་ར།</term>
                            <term xml:lang="Sa-Ltn">āmalaka</term>
                        </gloss>
                    </item>
                    <item>
                        <gloss type="term" xml:id="UT22084-062-012-46">
                            <term>bakula tree</term>
                            <term xml:lang="Bo-Ltn">ba ku la </term>
                            <term xml:lang="bo">བ་ཀུ་ལ།</term>
                            <term xml:lang="Sa-Ltn">bakula</term>
                            <term type="definition">Indian tree with a very fine flower.</term>
                        </gloss>
                    </item>
                    <item>
                        <gloss type="term" xml:id="UT22084-062-012-47">
                            <term>central pillar </term>
                            <term xml:lang="Bo-Ltn">srog shing </term>
                            <term xml:lang="bo">སྲོག་ཤིང་།</term>
                            <term xml:lang="Sa-Ltn">yaṣṭi</term>
                        </gloss>
                    </item>
                    <item>
                        <gloss type="term" xml:id="UT22084-062-012-48">
                            <term>merit of Brahmā</term>
                            <term xml:lang="Bo-Ltn">tshangs pa’i bsod nams </term>
                            <term xml:lang="bo">ཚངས་པའི་བསོད་ནམས།</term>
                            <term xml:lang="Sa-Ltn">brahmāpuṇya</term>
                            <term type="definition">Brahmic merit or pure merit refers to an extraordinary type of merit which
                                leads to rebirth in the realm of Brahmā.</term>
                        </gloss>
                    </item>
                    <item>
                        <gloss type="term" xml:id="UT22084-062-012-49">
                            <term>Sahā</term>
                            <term xml:lang="Bo-Ltn">mi mjed </term>
                            <term xml:lang="bo">མི་མཇེད།</term>
                            <term xml:lang="Sa-Ltn">Sahā</term>
                            <term type="definition">Indian Buddhist name usually referring to the trichiliocosm, the world system
                                that is the universe of ordinary beings, but sometimes only to our own world with four continents
                                around Mount Meru. It means “endurance,” as beings there have to endure suffering.</term>
                        </gloss>
                    </item>
                    <item>
                        <gloss type="person" xml:id="UT22084-062-012-50">
                            <term>Aśvajit</term>
                            <term xml:lang="Bo-Ltn">rta thul </term>
                            <term xml:lang="bo">རྟ་ཐུལ།</term>
                            <term xml:lang="Sa-Ltn">Aśvajit</term>
                            <term type="definition">One of the five ascetics who became the first disciples of the Buddha.</term>
                        </gloss>
                    </item>
                    <item>
                        <gloss type="person" xml:id="UT22084-062-012-51">
                            <term>Maitreya</term>
                            <term xml:lang="Bo-Ltn">byams pa </term>
                            <term xml:lang="bo">བྱམས་པ།</term>
                            <term xml:lang="Sa-Ltn">Maitreya</term>
                            <term type="definition">Bodhisattva of loving kindness; the next buddha to follow Śākyamuni.</term>
                        </gloss>
                    </item>
                    <item>
                        <gloss type="person" xml:id="UT22084-062-012-52">
                            <term>Avalokiteśvara</term>
                            <term xml:lang="Bo-Ltn">spyan ras gzigs </term>
                            <term xml:lang="bo">སྤྱན་རས་གཟིགས།</term>
                            <term xml:lang="Sa-Ltn">Avalokiteśvara </term>
                            <term type="definition">First appeared as a bodhisattva beside Amitābha in the <title xml:lang="Sa-Ltn">Sukhāvati­vyūha</title>. The name has been variously interpreted. “The lord
                                of Avalokita,” Avalokita has been interpreted as “seeing,” although, as a past passive participle,
                                it is literally “lord of what has been seen.” One of the principal sūtras in the Mahā­sāṃghika
                                tradition was the <title xml:lang="Sa-Ltn">Avalokita Sūtra</title>, which has not been translated
                                into Tibetan, in which the word is a synonym for enlightenment, as it is “that which has been
                                seen” by the buddhas. In the early tantras he was one of the lords of the three families, as the
                                embodiment of the compassion of the buddhas. The Potalaka Mountain in South India became important
                                in Southern Indian Buddhism as his residence in this world, but Potalaka does not feature in the
                                    <title xml:lang="Sa-Ltn">Kāraṇḍa­vyūha</title>.</term>
                        </gloss>
                    </item>
                    <item>
                        <gloss type="person" xml:id="UT22084-062-012-53">
                            <term>Vajrapāṇi</term>
                            <term xml:lang="Bo-Ltn">phyag na rdo rje </term>
                            <term xml:lang="bo">ཕྱག་ན་རྡོ་རྗེ།</term>
                            <term xml:lang="Bo-Ltn">lag na rdo rje </term>
                            <term xml:lang="bo">ལག་ན་རྡོ་རྗེ།</term>
                            <term xml:lang="Sa-Ltn">Vajrapāṇi</term>
                            <term type="definition">First appeared in Buddhist literature as the yakṣa bodyguard of the Buddha,
                                ready at times to shatter a person’s head into a hundred pieces with his vajra if he speaks
                                inappropriately to the Buddha. His identity as a bodhisattva did not take place until the rise of
                                the Mantrayāna in such sūtras as the <title xml:lang="Sa-Ltn">Kāraṇḍavyūha</title> (<ref target="http://read.84000.co/translation/toh116.html">Toh 116</ref>). However,
                                although listed (paradoxically along with Avalokiteśvara) as being in the assembly that hears the
                                teaching of this sūtra, in the sūtra itself he is grouped with the worldly spirits that
                                Avalokiteśvara frightens.</term>
                        </gloss>
                    </item>
                    <item>
                        <gloss type="person" xml:id="UT22084-062-012-54">
                            <term>Brahmā</term>
                            <term xml:lang="Bo-Ltn">tshangs pa </term>
                            <term xml:lang="bo">ཚངས་པ།</term>
                            <term xml:lang="Sa-Ltn">Brahmā</term>
                            <term type="definition">The personification of the universal force of Brahman, who became a higher
                                deity than Indra, the supreme deity of the early Vedas.</term>
                        </gloss>
                    </item>
                    <item>
                        <gloss type="person" xml:id="UT22084-062-012-55">
                            <term>Nārāyaṇa</term>
                            <term xml:lang="Bo-Ltn">sred med kyi bu </term>
                            <term xml:lang="bo">སྲེད་མེད་ཀྱི་བུ།</term>
                            <term xml:lang="Sa-Ltn">Nārāyaṇa</term>
                            <term type="definition">An alternate name for Viṣṇu. The Sanskrit is variously interpreted, including
                                as “dwelling in water,” but is most obviously “the path of human beings.”</term>
                        </gloss>
                    </item>
                    <item>
                        <gloss type="person" xml:id="UT22084-062-012-56">
                            <term>Īśvara</term>
                            <term xml:lang="Bo-Ltn">dbang phyug </term>
                            <term xml:lang="bo">དབང་ཕྱུག</term>
                            <term xml:lang="Sa-Ltn">Īśvara</term>
                            <term type="definition">One of the most frequently used names for Śiva. A deity of the jungles, named
                                Rudra in the Vedas, he rose to prominence in the Purāṇic literature at the beginning of the first
                                millennium.</term>
                        </gloss>
                    </item>
                    <item>
                        <gloss type="person" xml:id="UT22084-062-012-57">
                            <term>Śakra</term>
                            <term xml:lang="Bo-Ltn">brgya byin </term>
                            <term xml:lang="bo">བརྒྱ་བྱིན།</term>
                            <term xml:lang="Sa-Ltn">Śakra</term>
                            <term type="definition">Alternate name for Indra, the king of the gods in Hindu mythology.</term>
                        </gloss>
                    </item>
                    <item>
                        <gloss type="person" xml:id="UT22084-062-012-58">
                            <term>Pañcaśikha</term>
                            <term xml:lang="Bo-Ltn">zur phud lnga pa </term>
                            <term xml:lang="bo">ཟུར་ཕུད་ལྔ་པ།</term>
                            <term xml:lang="Sa-Ltn">Pañcaśikha</term>
                            <term type="definition">A gandharva known for playing the lute.</term>
                        </gloss>
                    </item>
                    <item>
                        <gloss type="person" xml:id="UT22084-062-012-59">
                            <term>Great Renunciant </term>
                            <term xml:lang="Bo-Ltn">dge sbyong chen po </term>
                            <term xml:lang="bo">དགེ་སྦྱོང་ཆེན་པོ།</term>
                            <term xml:lang="Sa-Ltn">Mahāśramaṇa</term>
                            <term type="definition">Epithet of the Buddha.</term>
                        </gloss>
                    </item>
                    <item>
                        <gloss type="place" xml:id="UT22084-062-012-60">
                            <term>Mount Meru</term>
                            <term xml:lang="Bo-Ltn">ri rab </term>
                            <term xml:lang="bo">རི་རབ།</term>
                            <term xml:lang="Sa-Ltn">Meru</term>
                            <term xml:lang="Sa-Ltn">Sumeru</term>
                            <term type="definition">According to the ancient Indian cosmological system, <term type="ignore">Mount Meru</term> is a mountain
                                which forms the centre of the universe.</term>
                        </gloss>
                    </item>
                    <item>
                        <gloss type="place" xml:id="UT22084-062-012-61">
                            <term>Pure Abode</term>
                            <term xml:lang="Bo-Ltn">gnas gtsang ma </term>
                            <term xml:lang="bo">གནས་གཙང་མ།</term>
                            <term xml:lang="Sa-Ltn">Śuddhāvāsa</term>
                            <term type="definition">Name for the five highest levels of existence within the form realm.</term>
                        </gloss>
                    </item>
                </list>
            </div>
        </back>
    </text>
</TEI>